{
    "DATA-INTRA/Tether": {
        "model_type": "Logistic Regression",
        "accuracy": 0.8822,
        "features": [
            "daily_return",
            "sma_7",
            "sma_30",
            "volatility_7d",
            "risk_adjusted_return",
            "momentum_7d",
            "volume_change",
            "volume_spike_strength",
            "is_high_spike"
        ],
        "weights": [
            -0.8713485964697133,
            0.8423537685051012,
            -0.5123427800846462,
            1.590977555650026,
            -0.02364559694620501,
            -0.42706593138696,
            -2.1800443688195497,
            1.4090948267406276,
            -0.5570082557853753
        ],
        "bias": -2.560595437234062,
        "scaler": {
            "means": [
                -5.606882324791915e-05,
                1.0010566256542321,
                1.0011010027844363,
                0.0036622838112598506,
                -0.003997845080962797,
                0.0001273688315227906,
                0.40515671987062274,
                0.020382126081384157,
                0.01310615989515072
            ],
            "scales": [
                0.005685832214263212,
                0.008086928902601142,
                0.006460800241795511,
                0.004393703550037927,
                0.9752169862857896,
                0.009241473388919844,
                10.278537051148696,
                0.3205197642483865,
                0.11372945294844894
            ]
        }
    }
}